<?xml version="1.0" encoding="UTF-8" ?>
<XMLDB PATH="mod/courseprovider/db" VERSION="20120523" COMMENT="XMLDB file for Moodle mod/courseprovider"
    xmlns:xsi="http://www.w3.org/2001/XMLSchema-instance"
    xsi:noNamespaceSchemaLocation="../../../lib/xmldb/xmldb.xsd"
>
  <TABLES>
    <TABLE NAME="courseprovider" COMMENT="Lets you add a link to courses on other LMS">
      <FIELDS>
        <FIELD NAME="id" TYPE="int" LENGTH="10" NOTNULL="true" UNSIGNED="true" SEQUENCE="true" NEXT="course"/>
        <FIELD NAME="course" TYPE="int" LENGTH="10" NOTNULL="true" UNSIGNED="true" DEFAULT="0" SEQUENCE="false"  COMMENT="Course courseprovider activity belongs to" PREVIOUS="id" NEXT="name"/>
        <FIELD NAME="name" TYPE="char" LENGTH="255" NOTNULL="true" SEQUENCE="false"  COMMENT="name field for moodle instances" PREVIOUS="course" NEXT="intro"/>
        <FIELD NAME="intro" TYPE="text" LENGTH="medium" NOTNULL="false" SEQUENCE="false"  COMMENT="General introduction of the courseprovider activity" PREVIOUS="name" NEXT="url"/>
        <FIELD NAME="url" TYPE="text" LENGTH="big" NOTNULL="true" SEQUENCE="false"  COMMENT="Other LMS Course URL" PREVIOUS="intro" NEXT="otherlmscourseid"/>
        <FIELD NAME="otherlmscourseid" TYPE="text" LENGTH="medium" NOTNULL="false" SEQUENCE="false"  COMMENT="Other LMS Course ID" PREVIOUS="url" NEXT="timecreated"/>
        <FIELD NAME="timecreated" TYPE="int" LENGTH="10" NOTNULL="true" UNSIGNED="true" DEFAULT="0" SEQUENCE="false"  PREVIOUS="otherlmscourseid" NEXT="timemodified"/>
        <FIELD NAME="timemodified" TYPE="int" LENGTH="10" NOTNULL="true" UNSIGNED="true" DEFAULT="0" SEQUENCE="false"  PREVIOUS="timecreated"/>
      </FIELDS>
      <KEYS>
        <KEY NAME="primary" TYPE="primary" FIELDS="id"/>
      </KEYS>
      <INDEXES>
        <INDEX NAME="course" UNIQUE="false" FIELDS="course"/>
      </INDEXES>
    </TABLE>
  </TABLES>
</XMLDB>
